{"cameraMode":{"drawMode":0,"name":"Shaded","section":"Shading Mode"},"sceneLighting":true,"audioPlay":false,"sceneViewState":{"showFog":true,"showMaterialUpdate":false,"showSkybox":true,"showFlares":true,"showImageEffects":true,"showParticleSystems":true},"in2DMode":false,"pivot":{"x":5.27441930770874,"y":2.0471842288970949,"z":3.6534106731414797},"rotation":{"x":-0.021536925807595254,"y":-0.32906439900398257,"z":0.007506432011723518,"w":-0.944036066532135},"size":7.816706657409668,"orthographic":false}